Ed Sheeran,2011,CD,+,The A Team,00:04:18
Ed Sheeran,2011,CD,+,Drunk,00:03:20
Ed Sheeran,2011,CD,+,U.N.I.,00:03:48
Ed Sheeran,2011,CD,+,Grade 8,00:02:59
Ed Sheeran,2011,CD,+,Wake Me Up,00:03:49
Ed Sheeran,2011,CD,+,Small Bump,00:04:19
Ed Sheeran,2011,CD,+,This,00:03:15
Ed Sheeran,2011,CD,+,The City,00:03:54
Ed Sheeran,2011,CD,+,Lego House,00:03:05
Ed Sheeran,2011,CD,+,"You Need Me, I Don't Need You",00:03:40
Ed Sheeran,2011,CD,+,Kiss Me,00:04:40
Ed Sheeran,2011,CD,+,Give Me The Love,00:08:46
Ed Sheeran,2014,CD,×,One,00:04:13
Ed Sheeran,2014,CD,×,I'm a Mess,00:04:06
Ed Sheeran,2014,CD,×,Sing,00:03:55
Ed Sheeran,2014,CD,×,Don't,00:03:39
Ed Sheeran,2014,CD,×,Nina,00:03:43
Ed Sheeran,2014,CD,×,Photograph,00:04:17
Ed Sheeran,2014,CD,×,Bloodstream,00:04:59
Ed Sheeran,2014,CD,×,Tenerife Sea,00:04:00
Ed Sheeran,2014,CD,×,Runaway,00:03:26
Ed Sheeran,2014,CD,×,The Man,00:04:09
Ed Sheeran,2014,CD,×,Thinking Out Loud,00:04:40
Ed Sheeran,2014,CD,×,Afire Love,00:04:58
Ed Sheeran,2011,Single,The A Team,The A Team,00:04:18
Ed Sheeran,2012,Single,Drunk,Drunk,00:03:20
Nothing but Thieves,2015,CD,Nothing but Thieves,Excuse Me,00:03:38
Nothing but Thieves,2015,CD,Nothing but Thieves,Ban All The Music,00:02:52
Nothing but Thieves,2015,CD,Nothing but Thieves,Wake Up Call,00:02:45
Nothing but Thieves,2015,CD,Nothing but Thieves,Itch,00:03:24
Nothing but Thieves,2015,CD,Nothing but Thieves,If I Get High,00:03:26
Nothing but Thieves,2015,CD,Nothing but Thieves,Grayveyard Whistling,00:03:52
Nothing but Thieves,2015,CD,Nothing but Thieves,Hostage,00:03:49
Nothing but Thieves,2015,CD,Nothing but Thieves,Trip Switch,00:03:01
Nothing but Thieves,2015,CD,Nothing but Thieves,"Lover, Please Stay",00:03:07
Nothing but Thieves,2015,CD,Nothing but Thieves,Drawing Pins,00:03:37
Nothing but Thieves,2015,CD,Nothing but Thieves,Painkiller,00:02:25
Nothing but Thieves,2015,CD,Nothing but Thieves,Tempt You (Evocation),00:03:36
Nothing but Thieves,2012,Single,To Fly You've Got to Fall,To Fly You've Got to Fall,00:04:34
Greta Van Fleet,2018,CD,Anthem of the Peaceful Army,Age Of Man,00:06:06
Greta Van Fleet,2018,CD,Anthem of the Peaceful Army,The Cold Wind,00:03:16
Greta Van Fleet,2018,CD,Anthem of the Peaceful Army,When The Curtain Falls,00:03:42
Greta Van Fleet,2018,CD,Anthem of the Peaceful Army,Watching Over,00:04:28
Greta Van Fleet,2018,CD,Anthem of the Peaceful Army,"Lover, Leaver",00:06:01
Greta Van Fleet,2018,CD,Anthem of the Peaceful Army,You're The One,00:04:25
Greta Van Fleet,2018,CD,Anthem of the Peaceful Army,The New Day,00:03:44
Greta Van Fleet,2018,CD,Anthem of the Peaceful Army,Mountain Of The Sun,00:04:30
Greta Van Fleet,2018,CD,Anthem of the Peaceful Army,Brave New World,00:05:00
Greta Van Fleet,2018,CD,Anthem of the Peaceful Army,Anthem,00:04:41
Greta Van Fleet,2017,EP,Black Smoke Rising,Highway Tune,00:03:01
Greta Van Fleet,2017,EP,Black Smoke Rising,Safari Song,00:03:56
Greta Van Fleet,2017,EP,Black Smoke Rising,Flower Power,00:05:13
Greta Van Fleet,2017,EP,Black Smoke Rising,Black Smoke Rising,00:04:21